{
  "IcoMoonType": "selection",
  "icons": [
    {
      "icon": {
        "paths": [
          "M512 214q142 0 242 100t100 240q0 142-101 242t-241 100-241-100-101-242h86q0 106 75 181t181 75 181-75 75-181-75-181-181-75v172l-214-214 214-214v172z"
        ],
        "attrs": [
          {}
        ],
        "isMulticolor": false,
        "isMulticolor2": false,
        "tags": [
          "replay"
        ],
        "grid": 24
      },
      "attrs": [
        {}
      ],
      "properties": {
        "order": 1,
        "id": 0,
        "prevSize": 24,
        "name": "replay"
      },
      "setIdx": 0,
      "setId": 3,
      "iconIdx": 0
    },
    {
      "icon": {
        "paths": [
          "M645.888 248.491c-19.157 0-38.613 6.485-57.856 19.328l-114.005 75.989c-32.128 21.461-94.123 40.192-132.693 40.192-70.571 0-128 57.429-128 128v85.333c0 70.571 57.429 128 128 128 38.571 0 100.565 18.731 132.651 40.149l114.005 75.989c19.243 12.843 38.699 19.328 57.856 19.328 38.315 0.043 79.488-29.013 79.488-92.8v-426.667c0-63.787-41.173-92.843-79.445-92.843zM341.333 640c-23.552 0-42.667-19.115-42.667-42.667v-85.333c0-23.552 19.115-42.667 42.667-42.667 51.669 0 124.032-21.12 170.667-48.896v268.501c-46.635-27.819-118.997-48.939-170.667-48.939zM640 768c0 1.963-0.085 3.669-0.256 5.12-1.28-0.683-2.773-1.536-4.437-2.645l-80.64-53.76v-324.096l80.683-53.803c1.621-1.067 3.115-1.963 4.437-2.645 0.128 1.493 0.213 3.2 0.213 5.163v426.667z",
          "M780.459 439.211c-16.64 16.683-16.64 43.648 0.085 60.331 14.72 14.72 22.827 34.261 22.827 55.083 0 20.864-8.107 40.448-22.869 55.211-16.683 16.64-16.683 43.648 0 60.331 8.32 8.32 19.243 12.501 30.165 12.501s21.845-4.181 30.165-12.501c30.891-30.848 47.872-71.893 47.872-115.541s-16.981-84.651-47.915-115.499c-16.597-16.597-43.648-16.683-60.331 0.085z"
        ],
        "attrs": [
          {},
          {}
        ],
        "isMulticolor": false,
        "isMulticolor2": false,
        "tags": [
          "volume-down"
        ],
        "grid": 24
      },
      "attrs": [
        {},
        {}
      ],
      "properties": {
        "order": 1,
        "id": 2,
        "name": "volume-down",
        "prevSize": 24
      },
      "setIdx": 1,
      "setId": 2,
      "iconIdx": 0
    },
    {
      "icon": {
        "paths": [
          "M443.563 786.475c112.683-109.824 281.771-274.475 281.771-274.475s-169.088-164.651-281.771-274.475c-15.488-14.891-36.395-24.192-59.563-24.192-47.104 0-85.333 38.229-85.333 85.333v426.667c0 47.104 38.229 85.333 85.333 85.333 23.168 0 44.075-9.301 59.563-24.192z"
        ],
        "attrs": [
          {}
        ],
        "isMulticolor": false,
        "isMulticolor2": false,
        "tags": [
          "media-play"
        ],
        "grid": 24
      },
      "attrs": [
        {}
      ],
      "properties": {
        "order": 1,
        "id": 1,
        "name": "media-play",
        "prevSize": 24
      },
      "setIdx": 1,
      "setId": 2,
      "iconIdx": 1
    },
    {
      "icon": {
        "paths": [
          "M341.333 256c-47.104 0-85.333 38.229-85.333 85.333v341.333c0 47.104 38.229 85.333 85.333 85.333s85.333-38.229 85.333-85.333v-341.333c0-47.104-38.229-85.333-85.333-85.333z",
          "M640 256c-47.104 0-85.333 38.229-85.333 85.333v341.333c0 47.104 38.229 85.333 85.333 85.333s85.333-38.229 85.333-85.333v-341.333c0-47.104-38.229-85.333-85.333-85.333z"
        ],
        "attrs": [
          {},
          {}
        ],
        "isMulticolor": false,
        "isMulticolor2": false,
        "tags": [
          "media-pause"
        ],
        "grid": 24
      },
      "attrs": [
        {},
        {}
      ],
      "properties": {
        "order": 2,
        "id": 0,
        "name": "media-pause",
        "prevSize": 24
      },
      "setIdx": 1,
      "setId": 2,
      "iconIdx": 2
    }
  ],
  "height": 1024,
  "preferences": {
    "showGlyphs": true,
    "showQuickUse": true,
    "showQuickUse2": true,
    "showSVGs": true,
    "fontPref": {
      "prefix": "icon-",
      "metadata": {
        "fontFamily": "icomoon"
      },
      "metrics": {
        "emSize": 1024,
        "baseline": 6.25,
        "whitespace": 50
      },
      "embed": false
    },
    "imagePref": {
      "prefix": "icon-",
      "png": false,
      "useClassSelector": true,
      "color": 0,
      "bgColor": 16777215,
      "classSelector": ".icon",
      "name": "icomoon",
      "height": 32,
      "columns": 16,
      "margin": 16
    },
    "historySize": 50,
    "showCodes": true,
    "gridSize": 16
  }
}